{"Running Loss": NaN, "_timestamp": 1712499764.4941497, "_runtime": 23.382200717926025, "_step": 100, "Avg Training Loss": NaN, "Validation Loss": NaN, "Duration (min)": 0.09127556085586548, "_wandb": {"runtime": 18}}