{"Running Loss": NaN, "_timestamp": 1712499824.1766765, "_runtime": 22.280847549438477, "_step": 100, "Avg Training Loss": NaN, "Validation Loss": NaN, "Duration (min)": 0.07632217804590861, "_wandb": {"runtime": 16}}