{"Running Loss": NaN, "_timestamp": 1712500639.7269077, "_runtime": 23.827600717544556, "_step": 100, "Avg Training Loss": NaN, "Validation Loss": NaN, "Duration (min)": 0.08102474610010783, "_wandb": {"runtime": 18}}