{"Running Loss": NaN, "_timestamp": 1712496350.1492646, "_runtime": 21.19389057159424, "_step": 100, "Avg Training Loss": NaN, "Validation Loss": NaN, "Duration (min)": 0.08510549068450927, "_wandb": {"runtime": 20}}