{"Running Loss": NaN, "_timestamp": 1712500491.7413538, "_runtime": 24.016296863555908, "_step": 100, "Avg Training Loss": NaN, "Validation Loss": NaN, "Duration (min)": 0.08120341698328654, "_wandb": {"runtime": 18}}